<?xml version="1.0" encoding="UTF-8"?>
<beans xmlns="http://www.springframework.org/schema/beans"
	xmlns:xsi="http://www.w3.org/2001/XMLSchema-instance"
	xsi:schemaLocation="http://www.springframework.org/schema/beans
https://www.springframework.org/schema/beans/spring-beans.xsd">
	<bean id="dateFormat" class="java.text.SimpleDateFormat">
		<constructor-arg value="dd/MM/yyyy" />
	</bean>
	<bean id="item1" class="com.cognizant.truyum.model.MenuItem">
		<property name="id" value="1" />
		<property name="name" value="Sandwich" />
		<property name="price" value="99.00" />
		<property name="active" value="true" />
		<property name="dateOfLaunch">
			<bean factory-bean="dateFormat" factory-method="parse">
				<constructor-arg value="15/03/2017" />
			</bean>
		</property>
		<property name="category" value="Main Course" />
		<property name="freeDelivery" value="true" />
	</bean>
	<bean id="item2" class="com.cognizant.truyum.model.MenuItem">
		<property name="id" value="2" />
		<property name="name" value="Burger" />
		<property name="price" value="129.00" />
		<property name="active" value="true" />
		<property name="dateOfLaunch">
			<bean factory-bean="dateFormat" factory-method="parse">
				<constructor-arg value="23/12/2017" />
			</bean>
		</property>
		<property name="category" value="Main Course" />
		<property name="freeDelivery" value="false" />
	</bean>
	<bean id="item3" class="com.cognizant.truyum.model.MenuItem">
		<property name="id" value="3" />
		<property name="name" value="Pizza" />
		<property name="price" value="149.00" />
		<property name="active" value="true" />
		<property name="dateOfLaunch">
			<bean factory-bean="dateFormat" factory-method="parse">
				<constructor-arg value="21/08/2018" />
			</bean>
		</property>
		<property name="category" value="Main Course" />
		<property name="freeDelivery" value="false" />
	</bean>
	<bean id="item4" class="com.cognizant.truyum.model.MenuItem">
		<property name="id" value="4" />
		<property name="name" value="French Fries" />
		<property name="price" value="57.00" />
		<property name="active" value="false" />
		<property name="dateOfLaunch">
			<bean factory-bean="dateFormat" factory-method="parse">
				<constructor-arg value="27/07/2017" />
			</bean>
		</property>
		<property name="category" value="Starters" />
		<property name="freeDelivery" value="true" />
	</bean>
	<bean id="item5" class="com.cognizant.truyum.model.MenuItem">
		<property name="id" value="5" />
		<property name="name" value="Chocolate Brownie" />
		<property name="price" value="32.00" />
		<property name="active" value="true" />
		<property name="dateOfLaunch">
			<bean factory-bean="dateFormat" factory-method="parse">
				<constructor-arg value="02/11/2022" />
			</bean>
		</property>
		<property name="category" value="Dessert" />
		<property name="freeDelivery" value="true" />
	</bean>
	<bean id="menuItemList" class="java.util.ArrayList">
		<constructor-arg>
			<list>
				<ref bean="item1"></ref>
				<ref bean="item2"></ref>
				<ref bean="item3"></ref>
				<ref bean="item4"></ref>
				<ref bean="item5"></ref>
			</list>
		</constructor-arg>
	</bean>
</beans>